-- phpMyAdmin SQL Dump
-- version 5.2.1
-- https://www.phpmyadmin.net/
--
-- Host: 127.0.0.1
-- Generation Time: Feb 25, 2024 at 03:28 PM
-- Server version: 10.4.32-MariaDB
-- PHP Version: 8.0.30

SET SQL_MODE = "NO_AUTO_VALUE_ON_ZERO";
START TRANSACTION;
SET time_zone = "+00:00";


/*!40101 SET @OLD_CHARACTER_SET_CLIENT=@@CHARACTER_SET_CLIENT */;
/*!40101 SET @OLD_CHARACTER_SET_RESULTS=@@CHARACTER_SET_RESULTS */;
/*!40101 SET @OLD_COLLATION_CONNECTION=@@COLLATION_CONNECTION */;
/*!40101 SET NAMES utf8mb4 */;

--
-- Database: `assignment`
--
create database client;
use client;

-- --------------------------------------------------------

--
-- Table structure for table `assign`
--

CREATE TABLE `assign` (
  `AssignID` int(11) NOT NULL,
  `ExamID` int(11) DEFAULT NULL,
  `RoomID` varchar(100) DEFAULT NULL
) ENGINE=InnoDB DEFAULT CHARSET=utf8mb4 COLLATE=utf8mb4_general_ci;

--
-- Dumping data for table `assign`
--

INSERT INTO `assign` (`AssignID`, `ExamID`, `RoomID`) VALUES
(1, 1, 'IR1'),
(2, 5, 'IR1'),
(3, 7, 'IR1'),
(4, 11, 'IR1'),
(5, 13, 'IR1'),
(6, 16, 'IR1'),
(7, 17, 'IR1'),
(8, 20, 'IR1'),
(9, 22, 'IR1'),
(10, 25, 'IR1'),
(11, 26, 'IR1'),
(12, 27, 'IR1'),
(13, 32, 'IR1'),
(14, 33, 'IR1'),
(15, 36, 'IR1'),
(16, 38, 'IR1'),
(17, 39, 'IR1'),
(18, 43, 'IR1'),
(19, 46, 'IR1'),
(20, 48, 'IR1'),
(21, 49, 'IR1'),
(22, 52, 'IR1'),
(23, 53, 'IR1'),
(24, 54, 'IR1'),
(25, 61, 'IR1'),
(26, 63, 'IR1'),
(27, 66, 'IR1'),
(28, 69, 'IR1'),
(29, 71, 'IR1'),
(30, 72, 'IR1'),
(31, 74, 'IR1'),
(32, 80, 'IR1'),
(33, 84, 'IR1'),
(34, 85, 'IR1'),
(35, 86, 'IR1'),
(36, 90, 'IR1'),
(37, 94, 'IR1'),
(38, 95, 'IR1'),
(39, 104, 'IR1'),
(40, 105, 'IR1'),
(41, 109, 'IR1'),
(42, 113, 'IR1'),
(43, 116, 'IR1'),
(44, 118, 'IR1'),
(45, 120, 'IR1'),
(46, 123, 'IR1'),
(47, 124, 'IR1'),
(48, 127, 'IR1'),
(49, 128, 'IR1'),
(50, 130, 'IR1'),
(51, 132, 'IR1'),
(52, 135, 'IR1'),
(53, 137, 'IR1'),
(54, 138, 'IR1'),
(55, 141, 'IR1'),
(56, 143, 'IR1'),
(57, 145, 'IR1'),
(58, 147, 'IR1'),
(59, 152, 'IR1'),
(60, 154, 'IR1'),
(61, 157, 'IR1'),
(62, 158, 'IR1'),
(63, 159, 'IR1'),
(64, 160, 'IR1'),
(65, 163, 'IR1'),
(66, 166, 'IR1'),
(67, 167, 'IR1'),
(68, 170, 'IR1'),
(69, 172, 'IR1'),
(70, 176, 'IR1'),
(71, 178, 'IR1'),
(72, 180, 'IR1'),
(73, 183, 'IR1'),
(74, 184, 'IR1'),
(75, 187, 'IR1'),
(76, 188, 'IR1'),
(77, 191, 'IR1'),
(78, 192, 'IR1'),
(79, 193, 'IR1'),
(80, 195, 'IR1'),
(81, 197, 'IR1'),
(82, 202, 'IR1'),
(83, 209, 'IR1'),
(84, 213, 'IR1'),
(85, 214, 'IR1'),
(86, 2, 'IR2'),
(87, 3, 'IR2'),
(88, 6, 'IR2'),
(89, 9, 'IR2'),
(90, 12, 'IR2'),
(91, 14, 'IR2'),
(92, 18, 'IR2'),
(93, 21, 'IR2'),
(94, 24, 'IR2'),
(95, 28, 'IR2'),
(96, 30, 'IR2'),
(97, 31, 'IR2'),
(98, 34, 'IR2'),
(99, 35, 'IR2'),
(100, 40, 'IR2'),
(101, 45, 'IR2'),
(102, 47, 'IR2'),
(103, 51, 'IR2'),
(104, 56, 'IR2'),
(105, 58, 'IR2'),
(106, 60, 'IR2'),
(107, 64, 'IR2'),
(108, 67, 'IR2'),
(109, 70, 'IR2'),
(110, 73, 'IR2'),
(111, 76, 'IR2'),
(112, 78, 'IR2'),
(113, 82, 'IR2'),
(114, 83, 'IR2'),
(115, 88, 'IR2'),
(116, 91, 'IR2'),
(117, 93, 'IR2'),
(118, 96, 'IR2'),
(119, 97, 'IR2'),
(120, 99, 'IR2'),
(121, 101, 'IR2'),
(122, 103, 'IR2'),
(123, 110, 'IR2'),
(124, 114, 'IR2'),
(125, 119, 'IR2'),
(126, 121, 'IR2'),
(127, 122, 'IR2'),
(128, 125, 'IR2'),
(129, 126, 'IR2'),
(130, 129, 'IR2'),
(131, 133, 'IR2'),
(132, 136, 'IR2'),
(133, 139, 'IR2'),
(134, 142, 'IR2'),
(135, 144, 'IR2'),
(136, 150, 'IR2'),
(137, 151, 'IR2'),
(138, 155, 'IR2'),
(139, 164, 'IR2'),
(140, 168, 'IR2'),
(141, 169, 'IR2'),
(142, 171, 'IR2'),
(143, 173, 'IR2'),
(144, 175, 'IR2'),
(145, 177, 'IR2'),
(146, 181, 'IR2'),
(147, 185, 'IR2'),
(148, 190, 'IR2'),
(149, 194, 'IR2'),
(150, 199, 'IR2'),
(151, 200, 'IR2'),
(152, 201, 'IR2'),
(153, 207, 'IR2'),
(154, 211, 'IR2'),
(155, 4, 'IR3'),
(156, 8, 'IR3'),
(157, 10, 'IR3'),
(158, 15, 'IR3'),
(159, 19, 'IR3'),
(160, 23, 'IR3'),
(161, 29, 'IR3'),
(162, 37, 'IR3'),
(163, 41, 'IR3'),
(164, 42, 'IR3'),
(165, 44, 'IR3'),
(166, 50, 'IR3'),
(167, 55, 'IR3'),
(168, 57, 'IR3'),
(169, 59, 'IR3'),
(170, 62, 'IR3'),
(171, 65, 'IR3'),
(172, 68, 'IR3'),
(173, 75, 'IR3'),
(174, 77, 'IR3'),
(175, 79, 'IR3'),
(176, 81, 'IR3'),
(177, 87, 'IR3'),
(178, 89, 'IR3'),
(179, 92, 'IR3'),
(180, 98, 'IR3'),
(181, 100, 'IR3'),
(182, 102, 'IR3'),
(183, 106, 'IR3'),
(184, 107, 'IR3'),
(185, 108, 'IR3'),
(186, 111, 'IR3'),
(187, 112, 'IR3'),
(188, 115, 'IR3'),
(189, 117, 'IR3'),
(190, 131, 'IR3'),
(191, 134, 'IR3'),
(192, 140, 'IR3'),
(193, 146, 'IR3'),
(194, 148, 'IR3'),
(195, 149, 'IR3'),
(196, 153, 'IR3'),
(197, 156, 'IR3'),
(198, 161, 'IR3'),
(199, 162, 'IR3'),
(200, 165, 'IR3'),
(201, 174, 'IR3'),
(202, 179, 'IR3'),
(203, 182, 'IR3'),
(204, 186, 'IR3'),
(205, 189, 'IR3'),
(206, 196, 'IR3'),
(207, 198, 'IR3'),
(208, 203, 'IR3'),
(209, 204, 'IR3'),
(210, 205, 'IR3'),
(211, 206, 'IR3'),
(212, 208, 'IR3'),
(213, 210, 'IR3'),
(214, 212, 'IR3'),
(215, 215, 'IR3');

-- --------------------------------------------------------

--
-- Table structure for table `exam`
--

CREATE TABLE `exam` (
  `ExamID` int(11) NOT NULL,
  `PatientID` int(11) DEFAULT NULL,
  `MDID` int(11) DEFAULT NULL,
  `RoomID` varchar(100) DEFAULT NULL,
  `StartTime` datetime DEFAULT NULL,
  `FinishTime` datetime DEFAULT NULL,
  `Duration` datetime DEFAULT NULL,
  `Anesthesia` varchar(100) DEFAULT NULL
) ENGINE=InnoDB DEFAULT CHARSET=utf8mb4 COLLATE=utf8mb4_general_ci;

--
-- Dumping data for table `exam`
--

INSERT INTO `exam` (`ExamID`, `PatientID`, `MDID`, `RoomID`, `StartTime`, `FinishTime`, `Duration`, `Anesthesia`) VALUES
(1, 109, 4, 'IR1', '2024-02-25 23:37:26', '2024-02-25 00:19:47', '2024-02-25 00:42:21', 'N'),
(2, 35, 4, 'IR2', '2024-02-25 08:25:05', '2024-02-25 08:49:40', '2024-02-25 00:24:35', 'N'),
(3, 108, 30, 'IR2', '2024-02-25 09:10:04', '2024-02-25 09:50:36', '2024-02-25 00:40:32', 'N'),
(4, 46, 28, 'IR3', '2024-02-25 10:09:45', '2024-02-25 10:28:29', '2024-02-25 00:18:44', 'N'),
(5, 163, 24, 'IR1', '2024-02-25 08:41:17', '2024-02-25 12:07:42', '2024-02-25 03:26:25', 'N'),
(6, 75, 19, 'IR2', '2024-02-25 12:28:09', '2024-02-25 12:58:43', '2024-02-25 00:30:34', 'N'),
(7, 43, 15, 'IR1', '2024-02-25 13:13:43', '2024-02-25 13:29:47', '2024-02-25 00:16:04', 'N'),
(8, 57, 13, 'IR3', '2024-02-25 12:49:35', '2024-02-25 13:38:51', '2024-02-25 00:49:16', 'N'),
(9, 77, 23, 'IR2', '2024-02-25 13:54:27', '2024-02-25 14:24:24', '2024-02-25 00:29:57', 'N'),
(10, 140, 17, 'IR3', '2024-02-25 15:15:43', '2024-02-25 15:56:41', '2024-02-25 00:40:58', 'N'),
(11, 160, 27, 'IR1', '2024-02-25 14:30:46', '2024-02-25 17:13:30', '2024-02-25 02:42:44', 'N'),
(12, 141, 16, 'IR2', '2024-02-25 16:01:49', '2024-02-25 16:42:17', '2024-02-25 00:40:28', 'N'),
(13, 45, 1, 'IR1', '2024-02-25 18:06:46', '2024-02-25 18:39:29', '2024-02-25 00:32:43', 'N'),
(14, 148, 25, 'IR2', '2024-02-25 08:32:11', '2024-02-25 09:12:45', '2024-02-25 00:40:34', 'N'),
(15, 32, 23, 'IR3', '2024-02-25 09:04:41', '2024-02-25 09:45:58', '2024-02-25 00:41:17', 'N'),
(16, 159, 17, 'IR1', '2024-02-25 08:19:03', '2024-02-25 09:50:48', '2024-02-25 01:31:45', 'N'),
(17, 162, 16, 'IR1', '2024-02-25 10:15:36', '2024-02-25 10:22:49', '2024-02-25 00:07:13', 'N'),
(18, 123, 27, 'IR2', '2024-02-25 10:00:56', '2024-02-25 10:55:34', '2024-02-25 00:54:38', 'N'),
(19, 74, 12, 'IR3', '2024-02-25 10:38:39', '2024-02-25 11:26:17', '2024-02-25 00:47:38', 'N'),
(20, 66, 22, 'IR1', '2024-02-25 11:00:13', '2024-02-25 12:30:36', '2024-02-25 01:30:23', 'N'),
(21, 57, 18, 'IR2', '2024-02-25 13:05:17', '2024-02-25 14:10:58', '2024-02-25 01:05:41', 'N'),
(22, 77, 29, 'IR1', '2024-02-25 14:03:26', '2024-02-25 14:10:38', '2024-02-25 00:07:12', 'N'),
(23, 119, 2, 'IR3', '2024-02-25 14:05:19', '2024-02-25 16:25:32', '2024-02-25 02:20:13', 'N'),
(24, 53, 13, 'IR2', '2024-02-25 15:00:29', '2024-02-25 15:24:05', '2024-02-25 00:23:36', 'N'),
(25, 124, 17, 'IR1', '2024-02-25 15:14:05', '2024-02-25 15:45:56', '2024-02-25 00:31:51', 'N'),
(26, 167, 15, 'IR1', '2024-02-25 16:09:11', '2024-02-25 16:32:27', '2024-02-25 00:23:16', 'N'),
(27, 85, 5, 'IR1', '2024-02-25 17:28:59', '2024-02-25 18:11:43', '2024-02-25 00:42:44', 'N'),
(28, 155, 16, 'IR2', '2024-02-25 16:56:02', '2024-02-25 18:45:11', '2024-02-25 01:49:09', 'N'),
(29, 104, 10, 'IR3', '2024-02-25 08:48:17', '2024-02-25 09:01:28', '2024-02-25 00:13:11', 'N'),
(30, 160, 6, 'IR2', '2024-02-25 08:27:54', '2024-02-25 08:56:27', '2024-02-25 00:28:33', 'N'),
(31, 23, 14, 'IR2', '2024-02-25 09:39:29', '2024-02-25 10:09:11', '2024-02-25 00:29:42', 'N'),
(32, 41, 20, 'IR1', '2024-02-25 09:12:50', '2024-02-25 10:36:00', '2024-02-25 01:23:10', 'N'),
(33, 65, 7, 'IR1', '2024-02-25 11:37:31', '2024-02-25 12:00:32', '2024-02-25 00:23:01', 'Y'),
(34, 76, 17, 'IR2', '2024-02-25 12:35:12', '2024-02-25 13:38:24', '2024-02-25 01:03:12', 'Y'),
(35, 13, 1, 'IR2', '2024-02-25 14:37:51', '2024-02-25 15:09:38', '2024-02-25 00:31:47', 'Y'),
(36, 59, 8, 'IR1', '2024-02-25 14:10:34', '2024-02-25 15:17:27', '2024-02-25 01:06:53', 'N'),
(37, 139, 12, 'IR3', '2024-02-25 15:29:14', '2024-02-25 16:09:31', '2024-02-25 00:40:17', 'N'),
(38, 94, 10, 'IR1', '2024-02-25 16:07:45', '2024-02-25 16:46:31', '2024-02-25 00:38:46', 'N'),
(39, 22, 7, 'IR1', '2024-02-25 08:31:00', '2024-02-25 08:58:53', '2024-02-25 00:27:53', 'N'),
(40, 166, 22, 'IR2', '2024-02-25 08:48:39', '2024-02-25 09:30:57', '2024-02-25 00:42:18', 'N'),
(41, 2, 19, 'IR3', '2024-02-25 08:42:58', '2024-02-25 09:16:28', '2024-02-25 00:33:30', 'N'),
(42, 139, 24, 'IR3', '2024-02-25 10:06:30', '2024-02-25 10:32:03', '2024-02-25 00:25:33', 'N'),
(43, 30, 29, 'IR1', '2024-02-25 10:40:09', '2024-02-25 11:50:07', '2024-02-25 01:09:58', 'N'),
(44, 164, 12, 'IR3', '2024-02-25 11:41:48', '2024-02-25 12:12:54', '2024-02-25 00:31:06', 'N'),
(45, 4, 26, 'IR2', '2024-02-25 11:54:26', '2024-02-25 12:51:33', '2024-02-25 00:57:07', 'N'),
(46, 60, 22, 'IR1', '2024-02-25 13:09:19', '2024-02-25 13:22:31', '2024-02-25 00:13:12', 'N'),
(47, 105, 26, 'IR2', '2024-02-25 13:40:55', '2024-02-25 14:34:14', '2024-02-25 00:53:19', 'N'),
(48, 98, 27, 'IR1', '2024-02-25 15:12:33', '2024-02-25 15:37:16', '2024-02-25 00:24:43', 'N'),
(49, 26, 20, 'IR1', '2024-02-25 15:18:05', '2024-02-25 15:37:11', '2024-02-25 00:19:06', 'N'),
(50, 31, 18, 'IR3', '2024-02-25 15:36:38', '2024-02-25 16:16:51', '2024-02-25 00:40:13', 'N'),
(51, 76, 23, 'IR2', '2024-02-25 16:07:47', '2024-02-25 16:44:59', '2024-02-25 00:37:12', 'Y'),
(52, 120, 7, 'IR1', '2024-02-25 19:47:07', '2024-02-25 20:19:52', '2024-02-25 00:32:45', 'N'),
(53, 16, 30, 'IR1', '2024-02-25 14:13:05', '2024-02-25 15:00:19', '2024-02-25 00:47:14', 'N'),
(54, 169, 6, 'IR1', '2024-02-25 08:57:16', '2024-02-25 10:46:35', '2024-02-25 01:49:19', 'Y'),
(55, 58, 29, 'IR3', '2024-02-25 10:58:05', '2024-02-25 11:23:14', '2024-02-25 00:25:09', 'N'),
(56, 60, 19, 'IR2', '2024-02-25 11:41:03', '2024-02-25 12:04:36', '2024-02-25 00:23:33', 'N'),
(57, 13, 12, 'IR3', '2024-02-25 12:21:20', '2024-02-25 13:46:13', '2024-02-25 01:24:53', 'N'),
(58, 123, 29, 'IR2', '2024-02-25 13:36:58', '2024-02-25 14:21:47', '2024-02-25 00:44:49', 'Y'),
(59, 8, 8, 'IR3', '2024-02-25 14:08:45', '2024-02-25 15:03:06', '2024-02-25 00:54:21', 'N'),
(60, 99, 30, 'IR2', '2024-02-25 15:27:55', '2024-02-25 17:39:55', '2024-02-25 02:12:00', 'N'),
(61, 85, 9, 'IR1', '2024-02-25 13:47:16', '2024-02-25 17:19:30', '2024-02-25 03:32:14', 'Y'),
(62, 54, 19, 'IR3', '2024-02-25 16:19:58', '2024-02-25 17:23:48', '2024-02-25 01:03:50', 'Y'),
(63, 175, 29, 'IR1', '2024-02-25 08:30:10', '2024-02-25 09:20:08', '2024-02-25 00:49:58', 'Y'),
(64, 151, 6, 'IR2', '2024-02-25 08:11:39', '2024-02-25 09:11:59', '2024-02-25 01:00:20', 'Y'),
(65, 16, 22, 'IR3', '2024-02-25 09:20:05', '2024-02-25 09:46:38', '2024-02-25 00:26:33', 'Y'),
(66, 113, 14, 'IR1', '2024-02-25 11:08:28', '2024-02-25 11:39:09', '2024-02-25 00:30:41', 'Y'),
(67, 154, 27, 'IR2', '2024-02-25 11:28:49', '2024-02-25 12:18:47', '2024-02-25 00:49:58', 'Y'),
(68, 52, 25, 'IR3', '2024-02-25 12:29:18', '2024-02-25 12:49:38', '2024-02-25 00:20:20', 'N'),
(69, 20, 22, 'IR1', '2024-02-25 13:21:36', '2024-02-25 14:06:32', '2024-02-25 00:44:56', 'N'),
(70, 93, 11, 'IR2', '2024-02-25 14:22:10', '2024-02-25 15:17:17', '2024-02-25 00:55:07', 'N'),
(71, 157, 26, 'IR1', '2024-02-25 15:16:21', '2024-02-25 15:49:23', '2024-02-25 00:33:02', 'N'),
(72, 54, 4, 'IR1', '2024-02-25 17:10:59', '2024-02-25 17:32:38', '2024-02-25 00:21:39', 'N'),
(73, 140, 15, 'IR2', '2024-02-25 08:29:22', '2024-02-25 08:52:20', '2024-02-25 00:22:58', 'N'),
(74, 135, 19, 'IR1', '2024-02-25 08:25:13', '2024-02-25 09:22:46', '2024-02-25 00:57:33', 'N'),
(75, 163, 1, 'IR3', '2024-02-25 09:38:24', '2024-02-25 10:01:02', '2024-02-25 00:22:38', 'N'),
(76, 171, 3, 'IR2', '2024-02-25 09:44:47', '2024-02-25 10:49:46', '2024-02-25 01:04:59', 'N'),
(77, 122, 29, 'IR3', '2024-02-25 10:40:05', '2024-02-25 11:22:59', '2024-02-25 00:42:54', 'N'),
(78, 1, 22, 'IR2', '2024-02-25 11:27:15', '2024-02-25 11:58:22', '2024-02-25 00:31:07', 'N'),
(79, 179, 15, 'IR3', '2024-02-25 11:46:30', '2024-02-25 12:16:40', '2024-02-25 00:30:10', 'N'),
(80, 19, 6, 'IR1', '2024-02-25 13:33:43', '2024-02-25 14:01:23', '2024-02-25 00:27:40', 'N'),
(81, 152, 17, 'IR3', '2024-02-25 13:30:46', '2024-02-25 14:11:15', '2024-02-25 00:40:29', 'N'),
(82, 16, 1, 'IR2', '2024-02-25 13:26:42', '2024-02-25 14:54:53', '2024-02-25 01:28:11', 'N'),
(83, 172, 10, 'IR2', '2024-02-25 15:44:26', '2024-02-25 16:42:34', '2024-02-25 00:58:08', 'N'),
(84, 76, 14, 'IR1', '2024-02-25 14:58:50', '2024-02-25 16:58:07', '2024-02-25 01:59:17', 'N'),
(85, 80, 9, 'IR1', '2024-02-25 08:18:02', '2024-02-25 08:42:33', '2024-02-25 00:24:31', 'N'),
(86, 41, 21, 'IR1', '2024-02-25 09:33:17', '2024-02-25 10:35:24', '2024-02-25 01:02:07', 'N'),
(87, 152, 13, 'IR3', '2024-02-25 10:59:15', '2024-02-25 11:46:39', '2024-02-25 00:47:24', 'N'),
(88, 60, 2, 'IR2', '2024-02-25 08:50:02', '2024-02-25 12:28:32', '2024-02-25 03:38:30', 'N'),
(89, 87, 20, 'IR3', '2024-02-25 13:42:43', '2024-02-25 14:01:10', '2024-02-25 00:18:27', 'N'),
(90, 44, 26, 'IR1', '2024-02-25 12:18:45', '2024-02-25 14:40:59', '2024-02-25 02:22:14', 'N'),
(91, 138, 8, 'IR2', '2024-02-25 13:53:03', '2024-02-25 14:38:40', '2024-02-25 00:45:37', 'N'),
(92, 71, 22, 'IR3', '2024-02-25 14:52:44', '2024-02-25 15:21:06', '2024-02-25 00:28:22', 'N'),
(93, 7, 15, 'IR2', '2024-02-25 15:18:07', '2024-02-25 16:55:12', '2024-02-25 01:37:05', 'N'),
(94, 164, 26, 'IR1', '2024-02-25 08:27:27', '2024-02-25 08:49:10', '2024-02-25 00:21:43', 'N'),
(95, 71, 21, 'IR1', '2024-02-25 09:30:43', '2024-02-25 09:55:24', '2024-02-25 00:24:41', 'N'),
(96, 120, 5, 'IR2', '2024-02-25 09:47:57', '2024-02-25 10:16:58', '2024-02-25 00:29:01', 'N'),
(97, 46, 13, 'IR2', '2024-02-25 11:10:06', '2024-02-25 11:56:55', '2024-02-25 00:46:49', 'N'),
(98, 83, 7, 'IR3', '2024-02-25 10:05:48', '2024-02-25 13:01:54', '2024-02-25 02:56:06', 'N'),
(99, 115, 22, 'IR2', '2024-02-25 13:31:26', '2024-02-25 14:06:10', '2024-02-25 00:34:44', 'N'),
(100, 158, 30, 'IR3', '2024-02-25 14:15:40', '2024-02-25 15:00:40', '2024-02-25 00:45:00', 'N'),
(101, 102, 4, 'IR2', '2024-02-25 15:35:05', '2024-02-25 15:59:19', '2024-02-25 00:24:14', 'N'),
(102, 98, 15, 'IR3', '2024-02-25 16:03:16', '2024-02-25 16:53:51', '2024-02-25 00:50:35', 'N'),
(103, 109, 24, 'IR2', '2024-02-25 16:14:13', '2024-02-25 16:43:51', '2024-02-25 00:29:38', 'N'),
(104, 126, 12, 'IR1', '2024-02-25 14:10:31', '2024-02-25 18:20:00', '2024-02-25 04:09:29', 'N'),
(105, 59, 16, 'IR1', '2024-02-25 10:46:46', '2024-02-25 11:11:55', '2024-02-25 00:25:09', 'N'),
(106, 93, 30, 'IR3', '2024-02-25 08:37:08', '2024-02-25 09:13:39', '2024-02-25 00:36:31', 'N'),
(107, 109, 2, 'IR3', '2024-02-25 10:01:08', '2024-02-25 10:27:09', '2024-02-25 00:26:01', 'N'),
(108, 14, 11, 'IR3', '2024-02-25 10:53:39', '2024-02-25 11:16:42', '2024-02-25 00:23:03', 'N'),
(109, 165, 22, 'IR1', '2024-02-25 10:09:48', '2024-02-25 12:56:12', '2024-02-25 02:46:24', 'N'),
(110, 120, 19, 'IR2', '2024-02-25 08:59:10', '2024-02-25 11:36:41', '2024-02-25 02:37:31', 'N'),
(111, 87, 21, 'IR3', '2024-02-25 11:41:58', '2024-02-25 11:57:33', '2024-02-25 00:15:35', 'N'),
(112, 14, 15, 'IR3', '2024-02-25 12:30:28', '2024-02-25 13:15:12', '2024-02-25 00:44:44', 'N'),
(113, 122, 8, 'IR1', '2024-02-25 13:35:33', '2024-02-25 13:59:14', '2024-02-25 00:23:41', 'N'),
(114, 3, 6, 'IR2', '2024-02-25 12:30:28', '2024-02-25 13:54:03', '2024-02-25 01:23:35', 'N'),
(115, 156, 12, 'IR3', '2024-02-25 14:39:08', '2024-02-25 15:17:16', '2024-02-25 00:38:08', 'N'),
(116, 2, 24, 'IR1', '2024-02-25 15:40:00', '2024-02-25 16:14:11', '2024-02-25 00:34:11', 'N'),
(117, 96, 30, 'IR3', '2024-02-25 14:00:52', '2024-02-25 15:17:01', '2024-02-25 01:16:09', 'N'),
(118, 86, 29, 'IR1', '2024-02-25 08:29:11', '2024-02-25 08:51:02', '2024-02-25 00:21:51', 'N'),
(119, 164, 1, 'IR2', '2024-02-25 09:20:57', '2024-02-25 10:01:49', '2024-02-25 00:40:52', 'N'),
(120, 160, 26, 'IR1', '2024-02-25 10:05:29', '2024-02-25 11:34:32', '2024-02-25 01:29:03', 'N'),
(121, 120, 24, 'IR2', '2024-02-25 11:46:49', '2024-02-25 12:11:47', '2024-02-25 00:24:58', 'N'),
(122, 41, 3, 'IR2', '2024-02-25 14:07:22', '2024-02-25 14:28:36', '2024-02-25 00:21:14', 'N'),
(123, 177, 14, 'IR1', '2024-02-25 13:19:50', '2024-02-25 14:08:59', '2024-02-25 00:49:09', 'N'),
(124, 10, 17, 'IR1', '2024-02-25 15:06:43', '2024-02-25 16:39:26', '2024-02-25 01:32:43', 'N'),
(125, 151, 11, 'IR2', '2024-02-25 15:09:29', '2024-02-25 15:42:34', '2024-02-25 00:33:05', 'N'),
(126, 61, 19, 'IR2', '2024-02-25 15:09:35', '2024-02-25 15:42:39', '2024-02-25 00:33:04', 'N'),
(127, 153, 19, 'IR1', '2024-02-25 15:05:48', '2024-02-25 16:39:31', '2024-02-25 01:33:43', 'N'),
(128, 152, 20, 'IR1', '2024-02-25 21:48:06', '2024-02-25 22:46:10', '2024-02-25 00:58:04', 'N'),
(129, 175, 2, 'IR2', '2024-02-25 08:38:10', '2024-02-25 09:49:12', '2024-02-25 01:11:02', 'N'),
(130, 46, 12, 'IR1', '2024-02-25 08:22:38', '2024-02-25 09:43:38', '2024-02-25 01:21:00', 'N'),
(131, 171, 26, 'IR3', '2024-02-25 09:28:05', '2024-02-25 10:11:19', '2024-02-25 00:43:14', 'N'),
(132, 81, 19, 'IR1', '2024-02-25 10:52:42', '2024-02-25 12:27:36', '2024-02-25 01:34:54', 'N'),
(133, 65, 26, 'IR2', '2024-02-25 13:14:24', '2024-02-25 13:44:46', '2024-02-25 00:30:22', 'N'),
(134, 159, 7, 'IR3', '2024-02-25 14:22:17', '2024-02-25 15:01:52', '2024-02-25 00:39:35', 'N'),
(135, 97, 20, 'IR1', '2024-02-25 14:09:32', '2024-02-25 15:08:06', '2024-02-25 00:58:34', 'N'),
(136, 63, 2, 'IR2', '2024-02-25 14:44:38', '2024-02-25 15:40:39', '2024-02-25 00:56:01', 'N'),
(137, 117, 16, 'IR1', '2024-02-25 14:09:36', '2024-02-25 15:08:10', '2024-02-25 00:58:34', 'N'),
(138, 134, 16, 'IR1', '2024-02-25 15:46:24', '2024-02-25 16:13:47', '2024-02-25 00:27:23', 'N'),
(139, 66, 28, 'IR2', '2024-02-25 08:26:35', '2024-02-25 09:36:26', '2024-02-25 01:09:51', 'N'),
(140, 66, 5, 'IR3', '2024-02-25 09:16:53', '2024-02-25 09:42:21', '2024-02-25 00:25:28', 'N'),
(141, 174, 5, 'IR1', '2024-02-25 08:35:58', '2024-02-25 10:07:57', '2024-02-25 01:31:59', 'N'),
(142, 124, 30, 'IR2', '2024-02-25 11:34:30', '2024-02-25 12:07:23', '2024-02-25 00:32:53', 'N'),
(143, 74, 7, 'IR1', '2024-02-25 11:24:26', '2024-02-25 12:24:01', '2024-02-25 00:59:35', 'N'),
(144, 100, 4, 'IR2', '2024-02-25 12:40:12', '2024-02-25 13:10:59', '2024-02-25 00:30:47', 'N'),
(145, 96, 15, 'IR1', '2024-02-25 13:35:55', '2024-02-25 13:53:21', '2024-02-25 00:17:26', 'N'),
(146, 94, 17, 'IR3', '2024-02-25 14:19:37', '2024-02-25 14:35:56', '2024-02-25 00:16:19', 'N'),
(147, 153, 20, 'IR1', '2024-02-25 14:57:07', '2024-02-25 15:32:44', '2024-02-25 00:35:37', 'N'),
(148, 90, 28, 'IR3', '2024-02-25 15:12:34', '2024-02-25 15:38:56', '2024-02-25 00:26:22', 'N'),
(149, 162, 27, 'IR3', '2024-02-25 09:47:27', '2024-02-25 10:58:54', '2024-02-25 01:11:27', 'N'),
(150, 172, 20, 'IR2', '2024-02-25 08:53:39', '2024-02-25 09:33:01', '2024-02-25 00:39:22', 'N'),
(151, 23, 24, 'IR2', '2024-02-25 10:13:57', '2024-02-25 10:44:30', '2024-02-25 00:30:33', 'N'),
(152, 81, 15, 'IR1', '2024-02-25 09:30:33', '2024-02-25 11:26:29', '2024-02-25 01:55:56', 'N'),
(153, 161, 17, 'IR3', '2024-02-25 12:05:19', '2024-02-25 13:01:44', '2024-02-25 00:56:25', 'N'),
(154, 82, 14, 'IR1', '2024-02-25 12:06:00', '2024-02-25 12:48:01', '2024-02-25 00:42:01', 'N'),
(155, 39, 29, 'IR2', '2024-02-25 13:33:03', '2024-02-25 14:00:14', '2024-02-25 00:27:11', 'N'),
(156, 119, 5, 'IR3', '2024-02-25 13:59:06', '2024-02-25 14:34:28', '2024-02-25 00:35:22', 'N'),
(157, 104, 13, 'IR1', '2024-02-25 14:32:38', '2024-02-25 15:23:21', '2024-02-25 00:50:43', 'N'),
(158, 114, 8, 'IR1', '2024-02-25 17:58:10', '2024-02-25 19:19:45', '2024-02-25 01:21:35', 'N'),
(159, 101, 16, 'IR1', '2024-02-25 17:12:12', '2024-02-25 17:39:43', '2024-02-25 00:27:31', 'N'),
(160, 61, 7, 'IR1', '2024-02-25 18:22:05', '2024-02-25 19:31:51', '2024-02-25 01:09:46', 'N'),
(161, 70, 16, 'IR3', '2024-02-25 09:11:01', '2024-02-25 09:29:34', '2024-02-25 00:18:33', 'N'),
(162, 57, 5, 'IR3', '2024-02-25 09:59:48', '2024-02-25 10:23:39', '2024-02-25 00:23:51', 'N'),
(163, 149, 20, 'IR1', '2024-02-25 08:58:31', '2024-02-25 10:53:40', '2024-02-25 01:55:09', 'N'),
(164, 144, 21, 'IR2', '2024-02-25 10:34:35', '2024-02-25 10:53:35', '2024-02-25 00:19:00', 'N'),
(165, 171, 7, 'IR3', '2024-02-25 11:08:00', '2024-02-25 11:25:30', '2024-02-25 00:17:30', 'N'),
(166, 176, 24, 'IR1', '2024-02-25 13:58:53', '2024-02-25 14:34:32', '2024-02-25 00:35:39', 'N'),
(167, 80, 13, 'IR1', '2024-02-25 15:10:54', '2024-02-25 15:47:00', '2024-02-25 00:36:06', 'N'),
(168, 133, 28, 'IR2', '2024-02-25 15:09:27', '2024-02-25 18:06:50', '2024-02-25 02:57:23', 'N'),
(169, 33, 18, 'IR2', '2024-02-25 08:55:43', '2024-02-25 12:41:41', '2024-02-25 03:45:58', 'N'),
(170, 167, 16, 'IR1', '2024-02-25 11:03:10', '2024-02-25 13:28:29', '2024-02-25 02:25:19', 'N'),
(171, 172, 13, 'IR2', '2024-02-25 14:16:01', '2024-02-25 15:33:12', '2024-02-25 01:17:11', 'N'),
(172, 30, 2, 'IR1', '2024-02-25 15:09:42', '2024-02-25 16:24:42', '2024-02-25 01:15:00', 'N'),
(173, 30, 17, 'IR2', '2024-02-25 09:02:47', '2024-02-25 09:48:51', '2024-02-25 00:46:04', 'N'),
(174, 148, 7, 'IR3', '2024-02-25 09:53:56', '2024-02-25 10:20:29', '2024-02-25 00:26:33', 'N'),
(175, 57, 12, 'IR2', '2024-02-25 10:27:57', '2024-02-25 11:15:56', '2024-02-25 00:47:59', 'N'),
(176, 45, 11, 'IR1', '2024-02-25 10:55:08', '2024-02-25 11:33:32', '2024-02-25 00:38:24', 'N'),
(177, 34, 16, 'IR2', '2024-02-25 13:27:35', '2024-02-25 13:53:47', '2024-02-25 00:26:12', 'N'),
(178, 156, 4, 'IR1', '2024-02-25 14:07:37', '2024-02-25 15:28:47', '2024-02-25 01:21:10', 'N'),
(179, 17, 20, 'IR3', '2024-02-25 08:21:58', '2024-02-25 08:50:37', '2024-02-25 00:28:39', 'N'),
(180, 27, 10, 'IR1', '2024-02-25 08:26:57', '2024-02-25 09:56:45', '2024-02-25 01:29:48', 'N'),
(181, 42, 1, 'IR2', '2024-02-25 09:57:19', '2024-02-25 10:19:01', '2024-02-25 00:21:42', 'N'),
(182, 47, 18, 'IR3', '2024-02-25 09:53:42', '2024-02-25 10:35:12', '2024-02-25 00:41:30', 'N'),
(183, 177, 22, 'IR1', '2024-02-25 10:33:08', '2024-02-25 10:58:03', '2024-02-25 00:24:55', 'N'),
(184, 11, 17, 'IR1', '2024-02-25 12:34:23', '2024-02-25 12:54:51', '2024-02-25 00:20:28', 'N'),
(185, 147, 28, 'IR2', '2024-02-25 11:23:45', '2024-02-25 12:51:40', '2024-02-25 01:27:55', 'N'),
(186, 115, 1, 'IR3', '2024-02-25 12:19:52', '2024-02-25 12:34:49', '2024-02-25 00:14:57', 'N'),
(187, 86, 24, 'IR1', '2024-02-25 13:39:09', '2024-02-25 14:16:34', '2024-02-25 00:37:25', 'N'),
(188, 45, 7, 'IR1', '2024-02-25 14:43:08', '2024-02-25 16:37:24', '2024-02-25 01:54:16', 'N'),
(189, 158, 26, 'IR3', '2024-02-25 16:01:24', '2024-02-25 16:56:41', '2024-02-25 00:55:17', 'N'),
(190, 72, 28, 'IR2', '2024-02-25 16:11:43', '2024-02-25 16:37:47', '2024-02-25 00:26:04', 'N'),
(191, 83, 14, 'IR1', '2024-02-25 16:48:50', '2024-02-25 17:09:45', '2024-02-25 00:20:55', 'N'),
(192, 17, 17, 'IR1', '2024-02-25 17:42:32', '2024-02-25 18:43:06', '2024-02-25 01:00:34', 'N'),
(193, 15, 15, 'IR1', '2024-02-25 08:26:00', '2024-02-25 09:18:17', '2024-02-25 00:52:17', 'N'),
(194, 153, 24, 'IR2', '2024-02-25 09:44:47', '2024-02-25 10:23:18', '2024-02-25 00:38:31', 'N'),
(195, 148, 27, 'IR1', '2024-02-25 10:02:33', '2024-02-25 12:00:21', '2024-02-25 01:57:48', 'N'),
(196, 8, 27, 'IR3', '2024-02-25 12:41:07', '2024-02-25 12:56:17', '2024-02-25 00:15:10', 'N'),
(197, 121, 30, 'IR1', '2024-02-25 13:59:28', '2024-02-25 14:20:26', '2024-02-25 00:20:58', 'N'),
(198, 76, 16, 'IR3', '2024-02-25 15:04:51', '2024-02-25 18:15:42', '2024-02-25 03:10:51', 'N'),
(199, 57, 8, 'IR2', '2024-02-25 14:57:17', '2024-02-25 15:33:03', '2024-02-25 00:35:46', 'N'),
(200, 59, 14, 'IR2', '2024-02-25 18:11:27', '2024-02-25 20:52:17', '2024-02-25 02:40:50', 'N'),
(201, 158, 29, 'IR2', '2024-02-25 22:37:03', '2024-02-25 00:34:19', '2024-02-25 01:57:16', 'N'),
(202, 45, 4, 'IR1', '2024-02-25 08:21:35', '2024-02-25 10:09:06', '2024-02-25 01:47:31', 'N'),
(203, 42, 8, 'IR3', '2024-02-25 10:05:57', '2024-02-25 10:30:36', '2024-02-25 00:24:39', 'N'),
(204, 54, 25, 'IR3', '2024-02-25 08:46:05', '2024-02-25 09:26:22', '2024-02-25 00:40:17', 'N'),
(205, 61, 17, 'IR3', '2024-02-25 11:10:04', '2024-02-25 11:30:35', '2024-02-25 00:20:31', 'N'),
(206, 117, 15, 'IR3', '2024-02-25 12:09:04', '2024-02-25 13:27:20', '2024-02-25 01:18:16', 'N'),
(207, 34, 22, 'IR2', '2024-02-25 14:11:39', '2024-02-25 15:15:55', '2024-02-25 01:04:16', 'N'),
(208, 38, 23, 'IR3', '2024-02-25 14:44:38', '2024-02-25 15:01:20', '2024-02-25 00:16:42', 'N'),
(209, 15, 17, 'IR1', '2024-02-25 15:19:43', '2024-02-25 15:45:42', '2024-02-25 00:25:59', 'N'),
(210, 7, 25, 'IR3', '2024-02-25 16:00:39', '2024-02-25 17:01:59', '2024-02-25 01:01:20', 'N'),
(211, 44, 9, 'IR2', '2024-02-25 16:19:58', '2024-02-25 17:15:00', '2024-02-25 00:55:02', 'N'),
(212, 20, 8, 'IR3', '2024-02-25 17:20:07', '2024-02-25 17:54:04', '2024-02-25 00:33:57', 'N'),
(213, 131, 1, 'IR1', '2024-02-25 16:40:58', '2024-02-25 19:39:46', '2024-02-25 02:58:48', 'N'),
(214, 69, 29, 'IR1', '2024-02-25 08:08:29', '2024-02-25 08:34:56', '2024-02-25 00:26:27', 'N'),
(215, 160, 26, 'IR3', '2024-02-25 08:45:06', '2024-02-25 09:03:25', '2024-02-25 00:18:19', 'N');

-- --------------------------------------------------------

--
-- Table structure for table `ir_room`
--

CREATE TABLE `ir_room` (
  `RoomID` varchar(100) NOT NULL,
  `Equipment` varchar(100) DEFAULT NULL,
  `Capability` varchar(10) DEFAULT NULL
) ENGINE=InnoDB DEFAULT CHARSET=utf8mb4 COLLATE=utf8mb4_general_ci;

--
-- Dumping data for table `ir_room`
--

INSERT INTO `ir_room` (`RoomID`, `Equipment`, `Capability`) VALUES
('IR1', 'abc', 'abc'),
('IR2', 'abc', 'abc'),
('IR3', 'abc', 'abc');

-- --------------------------------------------------------

--
-- Table structure for table `md`
--

CREATE TABLE `md` (
  `MD_ID` int(11) NOT NULL,
  `Name` varchar(100) DEFAULT NULL,
  `PagerNumber` varchar(20) DEFAULT NULL,
  `PhoneNumber` varchar(20) DEFAULT NULL,
  `Speciality` varchar(100) DEFAULT NULL,
  `WorkingAddress` varchar(255) DEFAULT NULL
) ENGINE=InnoDB DEFAULT CHARSET=utf8mb4 COLLATE=utf8mb4_general_ci;

--
-- Dumping data for table `md`
--

INSERT INTO `md` (`MD_ID`, `Name`, `PagerNumber`, `PhoneNumber`, `Speciality`, `WorkingAddress`) VALUES
(1, 'MD1', '90001', '480710668', 'Heart Failure', 'PHOENIX'),
(2, 'MD2', '90002', '480719369', 'Heart Failure', 'PHOENIX'),
(3, 'MD3', '90003', '480724592', 'Heart Failure', 'PHOENIX'),
(4, 'MD4', '90004', '480726531', 'Heart Failure', 'PHOENIX'),
(5, 'MD5', '90005', '480728388', 'Heart Failure', 'PHOENIX'),
(6, 'MD6', '90006', '480717173', 'Card ', 'PHOENIX'),
(7, 'MD7', '90007', '480726723', 'Card ', 'PHOENIX'),
(8, 'MD8', '90008', '480724687', 'Card ', 'PHOENIX'),
(9, 'MD9', '90009', '480706196', 'Card ', 'PHOENIX'),
(10, 'MD10', '90010', '480702515', 'IR', 'PHOENIX'),
(11, 'MD11', '90011', '480719119', 'IR', 'PHOENIX'),
(12, 'MD12', '90012', '480705519', 'IR', 'PHOENIX'),
(13, 'MD13', '90013', '480729618', 'IR', 'PHOENIX'),
(14, 'MD14', '90014', '480709455', 'IR', 'PHOENIX'),
(15, 'MD15', '90015', '480717245', 'IR', 'PHOENIX'),
(16, 'MD16', '90016', '480725188', 'Neuro IR', 'PHOENIX'),
(17, 'MD17', '90017', '480710166', 'Vascular surgery ', 'PHOENIX'),
(18, 'MD18', '90018', '480714475', 'Vascular surgery ', 'PHOENIX'),
(19, 'MD19', '90019', '480708427', 'Vascular surgery ', 'PHOENIX'),
(20, 'MD20', '90020', '480700346', 'Neuro surgery ', 'PHOENIX'),
(21, 'MD21', '90021', '480708453', 'Neuro surgery ', 'PHOENIX'),
(22, 'MD22', '90022', '480717145', 'Eletro psychologiy ', 'PHOENIX'),
(23, 'MD23', '90023', '480728302', 'Eletro psychologiy ', 'PHOENIX'),
(24, 'MD24', '90024', '480707733', 'Eletro psychologiy ', 'PHOENIX'),
(25, 'MD25', '90025', '480708684', 'Eletro psychologiy ', 'PHOENIX'),
(26, 'MD26', '90026', '480726594', 'Eletro psychologiy ', 'PHOENIX'),
(27, 'MD27', '90027', '480718318', 'IR', 'PHOENIX'),
(28, 'MD28', '90028', '480711336', 'Neuro IR', 'PHOENIX'),
(29, 'MD29', '90029', '480712411', 'IR', 'PHOENIX'),
(30, 'MD30', '90030', '480717248', 'Eletro psychologiy ', 'PHOENIX'),
(31, 'MD31', '90031', '480710599', 'Card ', 'PHOENIX'),
(32, 'MD32', '90032', '480701415', 'Eletro psychologiy ', 'PHOENIX');

-- --------------------------------------------------------

--
-- Table structure for table `patient`
--

CREATE TABLE `patient` (
  `PatientID` int(11) NOT NULL,
  `Gender` varchar(20) DEFAULT NULL,
  `Address` varchar(255) DEFAULT NULL
) ENGINE=InnoDB DEFAULT CHARSET=utf8mb4 COLLATE=utf8mb4_general_ci;

--
-- Dumping data for table `patient`
--

INSERT INTO `patient` (`PatientID`, `Gender`, `Address`) VALUES
(1, 'MALE', 'Phoenix'),
(2, 'MALE', 'Scottsdale'),
(3, 'MALE', 'Phoenix'),
(4, 'MALE', 'Scottsdale'),
(5, 'MALE', 'Phoenix'),
(6, 'MALE', 'Scottsdale'),
(7, 'MALE', 'Phoenix'),
(8, 'MALE', 'Scottsdale'),
(9, 'MALE', 'Phoenix'),
(10, 'MALE', 'Scottsdale'),
(11, 'MALE', 'Phoenix'),
(12, 'MALE', 'Scottsdale'),
(13, 'MALE', 'Phoenix'),
(14, 'MALE', 'Scottsdale'),
(15, 'MALE', 'Phoenix'),
(16, 'MALE', 'Scottsdale'),
(17, 'MALE', 'Phoenix'),
(18, 'MALE', 'Scottsdale'),
(19, 'MALE', 'Phoenix'),
(20, 'MALE', 'Scottsdale'),
(21, 'MALE', 'Phoenix'),
(22, 'MALE', 'Scottsdale'),
(23, 'MALE', 'Phoenix'),
(24, 'MALE', 'Scottsdale'),
(25, 'MALE', 'Tempe'),
(26, 'FEMALE', 'Mesa'),
(27, 'FEMALE', 'Tempe'),
(28, 'FEMALE', 'Mesa'),
(29, 'FEMALE', 'Tempe'),
(30, 'FEMALE', 'Mesa'),
(31, 'FEMALE', 'Tempe'),
(32, 'FEMALE', 'Mesa'),
(33, 'FEMALE', 'Tempe'),
(34, 'FEMALE', 'Mesa'),
(35, 'FEMALE', 'Tempe'),
(36, 'FEMALE', 'Mesa'),
(37, 'FEMALE', 'Tempe'),
(38, 'FEMALE', 'Mesa'),
(39, 'FEMALE', 'Tempe'),
(40, 'FEMALE', 'Mesa'),
(41, 'FEMALE', 'Tempe'),
(42, 'FEMALE', 'Mesa'),
(43, 'FEMALE', 'Tempe'),
(44, 'FEMALE', 'Mesa'),
(45, 'FEMALE', 'Tempe'),
(46, 'FEMALE', 'Mesa'),
(47, 'FEMALE', 'Tempe'),
(48, 'FEMALE', 'Mesa'),
(49, 'FEMALE', 'Tempe'),
(50, 'FEMALE', 'Mesa'),
(51, 'FEMALE', 'Tempe'),
(52, 'FEMALE', 'Mesa'),
(53, 'FEMALE', 'Tempe'),
(54, 'FEMALE', 'Mesa'),
(55, 'FEMALE', 'Tempe'),
(56, 'FEMALE', 'Mesa'),
(57, 'FEMALE', 'Tempe'),
(58, 'FEMALE', 'Mesa'),
(59, 'FEMALE', 'Tempe'),
(60, 'FEMALE', 'Mesa'),
(61, 'FEMALE', 'Tempe'),
(62, 'FEMALE', 'Mesa'),
(63, 'FEMALE', 'Tempe'),
(64, 'FEMALE', 'Mesa'),
(65, 'FEMALE', 'Tempe'),
(66, 'FEMALE', 'Mesa'),
(67, 'FEMALE', 'Tempe'),
(68, 'FEMALE', 'Mesa'),
(69, 'FEMALE', 'Tempe'),
(70, 'FEMALE', 'Mesa'),
(71, 'FEMALE', 'Tempe'),
(72, 'FEMALE', 'Mesa'),
(73, 'FEMALE', 'Tempe'),
(74, 'FEMALE', 'Mesa'),
(75, 'FEMALE', 'Tempe'),
(76, 'FEMALE', 'Mesa'),
(77, 'FEMALE', 'Tempe'),
(78, 'FEMALE', 'Mesa'),
(79, 'FEMALE', 'Tempe'),
(80, 'FEMALE', 'Mesa'),
(81, 'FEMALE', 'Tempe'),
(82, 'FEMALE', 'Mesa'),
(83, 'FEMALE', 'Tempe'),
(84, 'FEMALE', 'Mesa'),
(85, 'FEMALE', 'Tempe'),
(86, 'FEMALE', 'Mesa'),
(87, 'FEMALE', 'Tempe'),
(88, 'FEMALE', 'Mesa'),
(89, 'FEMALE', 'Tempe'),
(90, 'FEMALE', 'Mesa'),
(91, 'FEMALE', 'Tempe'),
(92, 'FEMALE', 'Mesa'),
(93, 'FEMALE', 'Tempe'),
(94, 'FEMALE', 'Mesa'),
(95, 'FEMALE', 'Tempe'),
(96, 'FEMALE', 'Mesa'),
(97, 'FEMALE', 'Tempe'),
(98, 'FEMALE', 'Mesa'),
(99, 'FEMALE', 'Tempe'),
(100, 'FEMALE', 'Mesa'),
(101, 'FEMALE', 'Tempe'),
(102, 'FEMALE', 'Mesa'),
(103, 'FEMALE', 'Tempe'),
(104, 'FEMALE', 'Mesa'),
(105, 'FEMALE', 'Tempe'),
(106, 'FEMALE', 'Mesa'),
(107, 'FEMALE', 'Tempe'),
(108, 'FEMALE', 'Mesa'),
(109, 'FEMALE', 'Tempe'),
(110, 'FEMALE', 'Mesa'),
(111, 'FEMALE', 'Tempe'),
(112, 'FEMALE', 'Mesa'),
(113, 'FEMALE', 'Tempe'),
(114, 'FEMALE', 'Mesa'),
(115, 'FEMALE', 'Tempe'),
(116, 'FEMALE', 'Mesa'),
(117, 'FEMALE', 'Tempe'),
(118, 'FEMALE', 'Mesa'),
(119, 'FEMALE', 'Tempe'),
(120, 'FEMALE', 'Mesa'),
(121, 'FEMALE', 'Tempe'),
(122, 'FEMALE', 'Mesa'),
(123, 'FEMALE', 'Tempe'),
(124, 'FEMALE', 'Mesa'),
(125, 'FEMALE', 'Tempe'),
(126, 'FEMALE', 'Mesa'),
(127, 'FEMALE', 'Tempe'),
(128, 'FEMALE', 'Mesa'),
(129, 'FEMALE', 'Tempe'),
(130, 'FEMALE', 'Mesa'),
(131, 'FEMALE', 'Tempe'),
(132, 'FEMALE', 'Mesa'),
(133, 'FEMALE', 'Tempe'),
(134, 'FEMALE', 'Mesa'),
(135, 'MALE', 'Tempe'),
(136, 'FEMALE', 'Mesa'),
(137, 'MALE', 'Tempe'),
(138, 'FEMALE', 'Mesa'),
(139, 'MALE', 'Tempe'),
(140, 'FEMALE', 'Mesa'),
(141, 'MALE', 'Tempe'),
(142, 'FEMALE', 'Mesa'),
(143, 'MALE', 'Tempe'),
(144, 'FEMALE', 'Mesa'),
(145, 'MALE', 'Tempe'),
(146, 'FEMALE', 'Mesa'),
(147, 'MALE', 'Tempe'),
(148, 'FEMALE', 'Mesa'),
(149, 'MALE', 'Tempe'),
(150, 'FEMALE', 'Mesa'),
(151, 'MALE', 'Tempe'),
(152, 'FEMALE', 'Mesa'),
(153, 'MALE', 'Tempe'),
(154, 'FEMALE', 'Mesa'),
(155, 'MALE', 'Tempe'),
(156, 'FEMALE', 'Mesa'),
(157, 'MALE', 'Tempe'),
(158, 'FEMALE', 'Mesa'),
(159, 'MALE', 'Tempe'),
(160, 'FEMALE', 'Mesa'),
(161, 'MALE', 'Tempe'),
(162, 'FEMALE', 'Mesa'),
(163, 'MALE', 'Tempe'),
(164, 'FEMALE', 'Mesa'),
(165, 'MALE', 'Tempe'),
(166, 'FEMALE', 'Mesa'),
(167, 'MALE', 'Tempe'),
(168, 'FEMALE', 'Mesa'),
(169, 'MALE', 'Tempe'),
(170, 'FEMALE', 'Mesa'),
(171, 'MALE', 'Tempe'),
(172, 'FEMALE', 'Mesa'),
(173, 'MALE', 'Tempe'),
(174, 'FEMALE', 'Mesa'),
(175, 'MALE', 'Tempe'),
(176, 'FEMALE', 'Mesa'),
(177, 'MALE', 'Tempe'),
(178, 'FEMALE', 'Mesa'),
(179, 'MALE', 'Tempe'),
(180, 'FEMALE', 'Mesa'),
(181, 'MALE', 'Tempe'),
(182, 'FEMALE', 'Mesa'),
(183, 'MALE', 'Tempe'),
(184, 'FEMALE', 'Chandler'),
(185, 'MALE', 'Chandler'),
(186, 'FEMALE', 'Chandler'),
(187, 'MALE', 'Chandler'),
(188, 'FEMALE', 'Chandler'),
(189, 'MALE', 'Chandler'),
(190, 'MALE', 'Chandler');

-- --------------------------------------------------------

--
-- Table structure for table `patient_ip`
--

CREATE TABLE `patient_ip` (
  `PatientID` int(11) NOT NULL,
  `BayArea` varchar(100) DEFAULT NULL
) ENGINE=InnoDB DEFAULT CHARSET=utf8mb4 COLLATE=utf8mb4_general_ci;

--
-- Dumping data for table `patient_ip`
--

INSERT INTO `patient_ip` (`PatientID`, `BayArea`) VALUES
(1, '4'),
(2, '1'),
(3, '2'),
(4, '2'),
(5, '3'),
(6, '4'),
(7, '3'),
(8, '1'),
(9, '2'),
(10, '1'),
(11, '1'),
(12, '5'),
(13, '4'),
(14, '4'),
(15, '5'),
(16, '3'),
(17, '4'),
(18, '2'),
(19, '5'),
(20, '2'),
(21, '5'),
(22, '5'),
(23, '3'),
(24, '5'),
(25, '1'),
(26, '1'),
(27, '3'),
(28, '4'),
(29, '4'),
(30, '4'),
(31, '5');

-- --------------------------------------------------------

--
-- Table structure for table `patient_op`
--

CREATE TABLE `patient_op` (
  `PatientID` int(11) NOT NULL,
  `ScheduledExamTime` datetime DEFAULT NULL
) ENGINE=InnoDB DEFAULT CHARSET=utf8mb4 COLLATE=utf8mb4_general_ci;

--
-- Dumping data for table `patient_op`
--

INSERT INTO `patient_op` (`PatientID`, `ScheduledExamTime`) VALUES
(32, '2024-02-25 04:06:19'),
(33, '2024-02-25 12:32:57'),
(34, '2024-02-25 14:52:49'),
(35, '2024-02-25 03:45:30'),
(36, '2024-02-25 12:32:12'),
(37, '2024-02-25 13:05:12'),
(38, '2024-02-25 15:11:07'),
(39, '2024-02-25 15:22:07'),
(40, '2024-02-25 04:53:38'),
(41, '2024-02-25 08:20:13'),
(42, '2024-02-25 21:47:33'),
(43, '2024-02-25 17:48:13'),
(44, '2024-02-25 16:13:18'),
(45, '2024-02-25 15:43:19'),
(46, '2024-02-25 13:53:48'),
(47, '2024-02-25 18:52:03'),
(48, '2024-02-25 07:20:03'),
(49, '2024-02-25 09:51:17'),
(50, '2024-02-25 19:13:02'),
(51, '2024-02-25 11:42:37'),
(52, '2024-02-25 20:45:11'),
(53, '2024-02-25 01:41:57'),
(54, '2024-02-25 21:09:25'),
(55, '2024-02-25 03:55:10'),
(56, '2024-02-25 04:30:25'),
(57, '2024-02-25 01:58:14'),
(58, '2024-02-25 04:58:55'),
(59, '2024-02-25 05:37:07'),
(60, '2024-02-25 10:29:46'),
(61, '2024-02-25 01:36:18'),
(62, '2024-02-25 12:18:49'),
(63, '2024-02-25 14:28:34'),
(64, '2024-02-25 16:50:57'),
(65, '2024-02-25 06:07:43'),
(66, '2024-02-25 15:03:39'),
(67, '2024-02-25 10:23:20'),
(68, '2024-02-25 16:12:32'),
(69, '2024-02-25 23:05:42'),
(70, '2024-02-25 20:33:12'),
(71, '2024-02-25 06:38:00'),
(72, '2024-02-25 18:00:34'),
(73, '2024-02-25 23:15:49'),
(74, '2024-02-25 10:57:41'),
(75, '2024-02-25 04:59:53'),
(76, '2024-02-25 14:40:06'),
(77, '2024-02-25 06:12:30'),
(78, '2024-02-25 02:34:39'),
(79, '2024-02-25 15:18:56'),
(80, '2024-02-25 03:08:08'),
(81, '2024-02-25 03:00:05'),
(82, '2024-02-25 07:29:50'),
(83, '2024-02-25 02:29:54'),
(84, '2024-02-25 05:47:21'),
(85, '2024-02-25 07:40:55'),
(86, '2024-02-25 05:45:56'),
(87, '2024-02-25 08:52:21'),
(88, '2024-02-25 19:43:35'),
(89, '2024-02-25 05:09:29'),
(90, '2024-02-25 19:27:34'),
(91, '2024-02-25 10:55:27'),
(92, '2024-02-25 08:02:13'),
(93, '2024-02-25 18:27:39'),
(94, '2024-02-25 03:27:22'),
(95, '2024-02-25 00:54:56'),
(96, '2024-02-25 05:33:33'),
(97, '2024-02-25 22:59:26'),
(98, '2024-02-25 17:29:43'),
(99, '2024-02-25 11:33:27'),
(100, '2024-02-25 01:19:54'),
(101, '2024-02-25 07:50:40'),
(102, '2024-02-25 23:52:13'),
(103, '2024-02-25 12:05:49'),
(104, '2024-02-25 19:49:09'),
(105, '2024-02-25 17:14:58'),
(106, '2024-02-25 20:32:55'),
(107, '2024-02-25 02:57:50'),
(108, '2024-02-25 00:20:31'),
(109, '2024-02-25 10:00:50'),
(110, '2024-02-25 04:16:26'),
(111, '2024-02-25 15:40:42'),
(112, '2024-02-25 02:40:53'),
(113, '2024-02-25 09:08:49'),
(114, '2024-02-25 03:17:03'),
(115, '2024-02-25 11:52:58'),
(116, '2024-02-25 03:36:44'),
(117, '2024-02-25 05:47:15'),
(118, '2024-02-25 21:23:38'),
(119, '2024-02-25 12:40:12'),
(120, '2024-02-25 01:39:57'),
(121, '2024-02-25 05:22:28'),
(122, '2024-02-25 22:53:27'),
(123, '2024-02-25 07:42:43'),
(124, '2024-02-25 14:45:25'),
(125, '2024-02-25 01:09:32'),
(126, '2024-02-25 17:49:45'),
(127, '2024-02-25 06:01:34'),
(128, '2024-02-25 15:39:13'),
(129, '2024-02-25 17:48:50'),
(130, '2024-02-25 23:42:32'),
(131, '2024-02-25 12:04:02'),
(132, '2024-02-25 07:11:28'),
(133, '2024-02-25 07:33:45'),
(134, '2024-02-25 00:27:14'),
(135, '2024-02-25 21:20:51'),
(136, '2024-02-25 13:45:03'),
(137, '2024-02-25 05:31:45'),
(138, '2024-02-25 19:12:17'),
(139, '2024-02-25 00:33:05'),
(140, '2024-02-25 05:34:57'),
(141, '2024-02-25 09:09:45'),
(142, '2024-02-25 18:26:32'),
(143, '2024-02-25 07:02:47'),
(144, '2024-02-25 07:49:27'),
(145, '2024-02-25 20:19:36'),
(146, '2024-02-25 14:31:42'),
(147, '2024-02-25 03:23:40'),
(148, '2024-02-25 01:17:49'),
(149, '2024-02-25 12:38:59'),
(150, '2024-02-25 19:07:20'),
(151, '2024-02-25 14:37:34'),
(152, '2024-02-25 03:58:19'),
(153, '2024-02-25 16:52:03'),
(154, '2024-02-25 22:11:46'),
(155, '2024-02-25 11:35:44'),
(156, '2024-02-25 10:25:29'),
(157, '2024-02-25 15:02:01'),
(158, '2024-02-25 13:00:55'),
(159, '2024-02-25 19:36:24'),
(160, '2024-02-25 22:46:51'),
(161, '2024-02-25 15:11:57'),
(162, '2024-02-25 08:46:43'),
(163, '2024-02-25 06:46:12'),
(164, '2024-02-25 00:39:47'),
(165, '2024-02-25 15:49:07'),
(166, '2024-02-25 13:52:21'),
(167, '2024-02-25 13:24:28'),
(168, '2024-02-25 02:46:40'),
(169, '2024-02-25 14:24:52'),
(170, '2024-02-25 22:48:16'),
(171, '2024-02-25 05:53:01'),
(172, '2024-02-25 10:52:04'),
(173, '2024-02-25 18:33:00'),
(174, '2024-02-25 05:36:53'),
(175, '2024-02-25 21:28:03'),
(176, '2024-02-25 16:52:31'),
(177, '2024-02-25 09:22:09'),
(178, '2024-02-25 09:11:31'),
(179, '2024-02-25 00:45:55'),
(180, '2024-02-25 18:57:33'),
(181, '2024-02-25 06:21:33'),
(182, '2024-02-25 21:02:53'),
(183, '2024-02-25 13:53:28'),
(184, '2024-02-25 22:33:03'),
(185, '2024-02-25 09:04:00'),
(186, '2024-02-25 13:30:43'),
(187, '2024-02-25 10:24:13'),
(188, '2024-02-25 17:01:36'),
(189, '2024-02-25 15:13:04'),
(190, '2024-02-25 20:12:23');

-- --------------------------------------------------------

--
-- Table structure for table `treat`
--

CREATE TABLE `treat` (
  `TreatID` int(11) NOT NULL,
  `ExamID` int(11) DEFAULT NULL,
  `MD_ID` int(11) DEFAULT NULL,
  `PatientID` int(11) DEFAULT NULL
) ENGINE=InnoDB DEFAULT CHARSET=utf8mb4 COLLATE=utf8mb4_general_ci;

--
-- Dumping data for table `treat`
--

INSERT INTO `treat` (`TreatID`, `ExamID`, `MD_ID`, `PatientID`) VALUES
(1, 1, 4, 109),
(2, 2, 4, 35),
(3, 3, 30, 108),
(4, 4, 28, 46),
(5, 5, 24, 163),
(6, 6, 19, 75),
(7, 7, 15, 43),
(8, 8, 13, 57),
(9, 9, 23, 77),
(10, 10, 17, 140),
(11, 11, 27, 160),
(12, 12, 16, 141),
(13, 13, 1, 45),
(14, 14, 25, 148),
(15, 15, 23, 32),
(16, 16, 17, 159),
(17, 17, 16, 162),
(18, 18, 27, 123),
(19, 19, 12, 74),
(20, 20, 22, 66),
(21, 21, 18, 57),
(22, 22, 29, 77),
(23, 23, 2, 119),
(24, 24, 13, 53),
(25, 25, 17, 124),
(26, 26, 15, 167),
(27, 27, 5, 85),
(28, 28, 16, 155),
(29, 29, 10, 104),
(30, 30, 6, 160),
(31, 31, 14, 23),
(32, 32, 20, 41),
(33, 33, 7, 65),
(34, 34, 17, 76),
(35, 35, 1, 13),
(36, 36, 8, 59),
(37, 37, 12, 139),
(38, 38, 10, 94),
(39, 39, 7, 22),
(40, 40, 22, 166),
(41, 41, 19, 2),
(42, 42, 24, 139),
(43, 43, 29, 30),
(44, 44, 12, 164),
(45, 45, 26, 4),
(46, 46, 22, 60),
(47, 47, 26, 105),
(48, 48, 27, 98),
(49, 49, 20, 26),
(50, 50, 18, 31),
(51, 51, 23, 76),
(52, 52, 7, 120),
(53, 53, 30, 16),
(54, 54, 6, 169),
(55, 55, 29, 58),
(56, 56, 19, 60),
(57, 57, 12, 13),
(58, 58, 29, 123),
(59, 59, 8, 8),
(60, 60, 30, 99),
(61, 61, 9, 85),
(62, 62, 19, 54),
(63, 63, 29, 175),
(64, 64, 6, 151),
(65, 65, 22, 16),
(66, 66, 14, 113),
(67, 67, 27, 154),
(68, 68, 25, 52),
(69, 69, 22, 20),
(70, 70, 11, 93),
(71, 71, 26, 157),
(72, 72, 4, 54),
(73, 73, 15, 140),
(74, 74, 19, 135),
(75, 75, 1, 163),
(76, 76, 3, 171),
(77, 77, 29, 122),
(78, 78, 22, 1),
(79, 79, 15, 179),
(80, 80, 6, 19),
(81, 81, 17, 152),
(82, 82, 1, 16),
(83, 83, 10, 172),
(84, 84, 14, 76),
(85, 85, 9, 80),
(86, 86, 21, 41),
(87, 87, 13, 152),
(88, 88, 2, 60),
(89, 89, 20, 87),
(90, 90, 26, 44),
(91, 91, 8, 138),
(92, 92, 22, 71),
(93, 93, 15, 7),
(94, 94, 26, 164),
(95, 95, 21, 71),
(96, 96, 5, 120),
(97, 97, 13, 46),
(98, 98, 7, 83),
(99, 99, 22, 115),
(100, 100, 30, 158),
(101, 101, 4, 102),
(102, 102, 15, 98),
(103, 103, 24, 109),
(104, 104, 12, 126),
(105, 105, 16, 59),
(106, 106, 30, 93),
(107, 107, 2, 109),
(108, 108, 11, 14),
(109, 109, 22, 165),
(110, 110, 19, 120),
(111, 111, 21, 87),
(112, 112, 15, 14),
(113, 113, 8, 122),
(114, 114, 6, 3),
(115, 115, 12, 156),
(116, 116, 24, 2),
(117, 117, 30, 96),
(118, 118, 29, 86),
(119, 119, 1, 164),
(120, 120, 26, 160),
(121, 121, 24, 120),
(122, 122, 3, 41),
(123, 123, 14, 177),
(124, 124, 17, 10),
(125, 125, 11, 151),
(126, 126, 19, 61),
(127, 127, 19, 153),
(128, 128, 20, 152),
(129, 129, 2, 175),
(130, 130, 12, 46),
(131, 131, 26, 171),
(132, 132, 19, 81),
(133, 133, 26, 65),
(134, 134, 7, 159),
(135, 135, 20, 97),
(136, 136, 2, 63),
(137, 137, 16, 117),
(138, 138, 16, 134),
(139, 139, 28, 66),
(140, 140, 5, 66),
(141, 141, 5, 174),
(142, 142, 30, 124),
(143, 143, 7, 74),
(144, 144, 4, 100),
(145, 145, 15, 96),
(146, 146, 17, 94),
(147, 147, 20, 153),
(148, 148, 28, 90),
(149, 149, 27, 162),
(150, 150, 20, 172),
(151, 151, 24, 23),
(152, 152, 15, 81),
(153, 153, 17, 161),
(154, 154, 14, 82),
(155, 155, 29, 39),
(156, 156, 5, 119),
(157, 157, 13, 104),
(158, 158, 8, 114),
(159, 159, 16, 101),
(160, 160, 7, 61),
(161, 161, 16, 70),
(162, 162, 5, 57),
(163, 163, 20, 149),
(164, 164, 21, 144),
(165, 165, 7, 171),
(166, 166, 24, 176),
(167, 167, 13, 80),
(168, 168, 28, 133),
(169, 169, 18, 33),
(170, 170, 16, 167),
(171, 171, 13, 172),
(172, 172, 2, 30),
(173, 173, 17, 30),
(174, 174, 7, 148),
(175, 175, 12, 57),
(176, 176, 11, 45),
(177, 177, 16, 34),
(178, 178, 4, 156),
(179, 179, 20, 17),
(180, 180, 10, 27),
(181, 181, 1, 42),
(182, 182, 18, 47),
(183, 183, 22, 177),
(184, 184, 17, 11),
(185, 185, 28, 147),
(186, 186, 1, 115),
(187, 187, 24, 86),
(188, 188, 7, 45),
(189, 189, 26, 158),
(190, 190, 28, 72),
(191, 191, 14, 83),
(192, 192, 17, 17),
(193, 193, 15, 15),
(194, 194, 24, 153),
(195, 195, 27, 148),
(196, 196, 27, 8),
(197, 197, 30, 121),
(198, 198, 16, 76),
(199, 199, 8, 57),
(200, 200, 14, 59),
(201, 201, 29, 158),
(202, 202, 4, 45),
(203, 203, 8, 42),
(204, 204, 25, 54),
(205, 205, 17, 61),
(206, 206, 15, 117),
(207, 207, 22, 34),
(208, 208, 23, 38),
(209, 209, 17, 15),
(210, 210, 25, 7),
(211, 211, 9, 44),
(212, 212, 8, 20),
(213, 213, 1, 131),
(214, 214, 29, 69),
(215, 215, 26, 160);

--
-- Indexes for dumped tables
--

--
-- Indexes for table `assign`
--
ALTER TABLE `assign`
  ADD PRIMARY KEY (`AssignID`),
  ADD KEY `ExamID` (`ExamID`),
  ADD KEY `RoomID` (`RoomID`);

--
-- Indexes for table `exam`
--
ALTER TABLE `exam`
  ADD PRIMARY KEY (`ExamID`),
  ADD KEY `PatientID` (`PatientID`),
  ADD KEY `MDID` (`MDID`),
  ADD KEY `RoomID` (`RoomID`);

--
-- Indexes for table `ir_room`
--
ALTER TABLE `ir_room`
  ADD PRIMARY KEY (`RoomID`);

--
-- Indexes for table `md`
--
ALTER TABLE `md`
  ADD PRIMARY KEY (`MD_ID`);

--
-- Indexes for table `patient`
--
ALTER TABLE `patient`
  ADD PRIMARY KEY (`PatientID`);

--
-- Indexes for table `patient_ip`
--
ALTER TABLE `patient_ip`
  ADD PRIMARY KEY (`PatientID`);

--
-- Indexes for table `patient_op`
--
ALTER TABLE `patient_op`
  ADD PRIMARY KEY (`PatientID`);

--
-- Indexes for table `treat`
--
ALTER TABLE `treat`
  ADD PRIMARY KEY (`TreatID`),
  ADD KEY `ExamID` (`ExamID`),
  ADD KEY `MD_ID` (`MD_ID`),
  ADD KEY `PatientID` (`PatientID`);

--
-- Constraints for dumped tables
--

--
-- Constraints for table `assign`
--
ALTER TABLE `assign`
  ADD CONSTRAINT `assign_ibfk_1` FOREIGN KEY (`ExamID`) REFERENCES `exam` (`ExamID`),
  ADD CONSTRAINT `assign_ibfk_2` FOREIGN KEY (`RoomID`) REFERENCES `ir_room` (`RoomID`);

--
-- Constraints for table `exam`
--
ALTER TABLE `exam`
  ADD CONSTRAINT `exam_ibfk_1` FOREIGN KEY (`PatientID`) REFERENCES `patient` (`PatientID`),
  ADD CONSTRAINT `exam_ibfk_2` FOREIGN KEY (`MDID`) REFERENCES `md` (`MD_ID`),
  ADD CONSTRAINT `exam_ibfk_3` FOREIGN KEY (`RoomID`) REFERENCES `ir_room` (`RoomID`);

--
-- Constraints for table `patient_ip`
--
ALTER TABLE `patient_ip`
  ADD CONSTRAINT `patient_ip_ibfk_1` FOREIGN KEY (`PatientID`) REFERENCES `patient` (`PatientID`);

--
-- Constraints for table `patient_op`
--
ALTER TABLE `patient_op`
  ADD CONSTRAINT `patient_op_ibfk_1` FOREIGN KEY (`PatientID`) REFERENCES `patient` (`PatientID`);

--
-- Constraints for table `treat`
--
ALTER TABLE `treat`
  ADD CONSTRAINT `treat_ibfk_1` FOREIGN KEY (`ExamID`) REFERENCES `exam` (`ExamID`),
  ADD CONSTRAINT `treat_ibfk_2` FOREIGN KEY (`MD_ID`) REFERENCES `md` (`MD_ID`),
  ADD CONSTRAINT `treat_ibfk_3` FOREIGN KEY (`PatientID`) REFERENCES `patient` (`PatientID`);
COMMIT;

/*!40101 SET CHARACTER_SET_CLIENT=@OLD_CHARACTER_SET_CLIENT */;
/*!40101 SET CHARACTER_SET_RESULTS=@OLD_CHARACTER_SET_RESULTS */;
/*!40101 SET COLLATION_CONNECTION=@OLD_COLLATION_CONNECTION */;
